id,consent,priority,physics_ict,russian,math,individual,total
213,1,1,100,100,100,10,310
1624,1,1,100,100,100,10,310
1709,1,1,100,100,100,10,310
178,1,1,100,100,99,10,309
397,1,1,99,100,100,10,309
506,1,1,100,100,100,9,309
561,1,1,100,99,100,10,309
801,1,1,100,99,100,10,309
1773,1,1,100,99,100,10,309
1840,0,1,100,99,100,10,309
370,1,1,98,100,100,10,308
538,1,1,100,100,100,8,308
647,1,1,100,100,98,10,308
696,1,1,100,99,99,10,308
829,1,1,98,100,100,10,308
1295,1,1,98,100,100,10,308
698,1,1,99,100,100,8,307
1388,1,1,100,98,99,10,307
1463,1,1,100,100,99,8,307
1765,1,1,100,97,100,10,307
1860,0,1,100,100,100,7,307
422,1,1,99,100,100,7,306
1683,1,1,100,96,100,10,306
98,1,1,100,100,97,8,305
578,1,1,96,100,99,10,305
910,1,1,100,95,100,10,305
1363,1,1,95,100,100,10,305
1816,1,1,95,100,100,10,305
1823,1,1,99,99,100,7,305
1839,1,1,100,100,96,9,305
85,1,1,94,100,100,10,304
200,0,1,96,100,99,9,304
218,1,1,100,100,94,10,304
739,1,1,100,100,94,10,304
1067,1,1,99,98,97,10,304
1205,1,1,97,99,100,8,304
1229,1,1,100,95,100,9,304
1334,1,1,100,100,94,10,304
1346,1,1,96,100,98,10,304
1455,1,1,95,100,100,9,304
1706,1,1,97,97,100,10,304
124,1,1,100,93,100,10,303
179,1,1,100,100,98,5,303
293,1,1,100,96,97,10,303
360,1,1,96,100,100,7,303
886,1,1,97,97,99,10,303
1453,1,1,100,95,100,8,303
1745,1,1,100,93,100,10,303
1747,1,1,95,99,100,9,303
1781,1,1,93,100,100,10,303
46,1,1,100,98,97,7,302
351,1,1,98,100,94,10,302
459,1,1,95,100,97,10,302
868,0,1,100,93,100,9,302
870,1,1,100,100,94,8,302
1078,1,1,94,100,98,10,302
1879,1,1,100,93,100,9,302
78,1,1,93,100,100,8,301
279,1,1,100,91,100,10,301
508,1,1,93,99,100,9,301
1083,1,1,100,100,93,8,301
1193,1,1,98,93,100,10,301
1892,1,1,100,97,96,8,301
157,1,1,100,91,100,9,300
440,1,1,91,100,100,9,300
443,0,1,93,100,100,7,300
479,1,1,100,95,98,7,300
713,1,1,100,97,97,6,300
1400,1,1,90,100,100,10,300
141,1,1,100,100,91,8,299
740,1,1,96,98,97,8,299
943,1,1,97,96,100,6,299
1046,1,1,100,96,95,8,299
1357,1,1,97,92,100,10,299
1836,1,1,100,90,99,10,299
1876,1,1,98,100,94,7,299
250,0,1,92,100,100,6,298
331,1,1,100,95,95,8,298
1499,1,1,100,100,90,8,298
376,1,1,100,95,92,10,297
451,1,1,97,92,100,8,297
636,0,1,100,90,100,7,297
1112,1,1,97,94,97,9,297
1280,1,1,97,97,93,10,297
1398,1,1,93,97,100,7,297
1694,1,1,90,100,98,9,297
1722,1,1,98,95,95,9,297
73,1,1,99,100,91,6,296
618,1,1,93,93,100,10,296
963,1,1,100,92,99,5,296
964,1,1,89,99,100,8,296
1022,1,1,100,99,87,10,296
1047,1,1,100,92,100,4,296
1281,1,1,92,94,100,10,296
1519,1,1,93,98,97,8,296
1618,0,1,100,89,100,7,296
620,0,1,100,100,87,8,295
848,1,1,97,88,100,10,295
1779,1,1,100,86,100,9,295
89,0,1,100,93,94,7,294
160,1,1,85,100,100,9,294
371,1,1,98,97,91,8,294
536,1,1,98,99,88,9,294
559,1,1,95,92,97,10,294
579,1,1,100,92,95,7,294
880,1,1,100,97,88,9,294
894,1,1,100,97,89,8,294
1153,1,1,95,92,100,7,294
1328,1,1,98,95,94,7,294
1392,1,1,95,97,95,7,294
347,1,1,88,100,95,10,293
350,1,1,91,95,99,8,293
387,1,1,90,100,95,8,293
419,1,1,99,89,95,10,293
1031,0,1,100,96,90,7,293
1091,0,1,88,100,100,5,293
1260,0,1,92,100,94,7,293
1345,1,1,90,95,98,10,293
1594,1,1,91,95,98,9,293
1607,1,1,100,96,92,5,293
1711,1,1,91,96,100,6,293
266,1,1,92,96,95,9,292
641,1,1,99,88,95,10,292
766,1,1,89,100,95,8,292
867,1,1,100,95,89,8,292
971,1,1,85,100,97,10,292
1106,1,1,100,94,88,10,292
1266,1,1,89,97,99,7,292
1283,1,1,94,95,94,9,292
1497,1,1,100,85,100,7,292
1604,0,1,94,96,92,10,292
1724,1,1,83,100,100,9,292
1728,1,1,92,95,96,9,292
495,1,1,91,91,100,9,291
525,1,1,96,88,100,7,291
1098,1,1,89,100,96,6,291
1223,1,1,91,100,91,9,291
1450,1,1,97,91,97,6,291
1464,1,1,90,93,100,8,291
1713,0,1,95,100,90,6,291
1775,1,1,95,95,91,10,291
1835,1,1,94,87,100,10,291
1842,0,1,84,100,99,8,291
1862,1,1,98,87,96,10,291
148,1,1,91,90,100,9,290
220,1,1,91,100,89,10,290
601,1,1,100,90,94,6,290
702,1,1,100,94,89,7,290
741,1,1,88,100,95,7,290
775,1,1,92,92,96,10,290
803,1,1,92,90,98,10,290
1082,1,1,93,95,95,7,290
1214,1,1,91,90,99,10,290
1255,1,1,90,96,100,4,290
1680,1,1,91,91,100,8,290
1689,1,1,90,93,100,7,290
1837,1,1,93,94,94,9,290
334,1,1,94,99,86,10,289
856,0,1,95,89,100,5,289
952,1,1,84,98,97,10,289
1017,1,1,97,91,92,9,289
1289,1,1,91,96,93,9,289
1314,1,1,90,100,95,4,289
1794,1,1,88,92,100,9,289
1824,1,1,100,88,92,9,289
1831,1,1,99,86,100,4,289
512,1,1,97,82,99,10,288
616,1,1,89,90,100,9,288
637,1,1,89,97,92,10,288
748,1,1,97,92,95,4,288
758,1,1,94,93,93,8,288
861,1,1,93,100,87,8,288
1377,1,1,91,100,89,8,288
1487,1,1,94,90,95,9,288
1664,0,1,93,100,91,4,288
1790,1,1,90,100,89,9,288
1856,1,1,100,86,95,7,288
102,0,1,93,89,97,8,287
167,1,1,94,97,86,10,287
210,1,1,92,88,99,8,287
518,0,1,94,93,92,8,287
600,0,1,92,97,91,7,287
763,1,1,100,85,92,10,287
929,1,1,99,91,87,10,287
1051,1,1,92,95,91,9,287
1179,1,1,92,90,97,8,287
1183,1,1,89,98,90,10,287
1215,1,1,94,84,100,9,287
1454,1,1,89,93,100,5,287
1568,1,1,98,84,95,10,287
1744,1,1,100,91,92,4,287
1806,1,1,88,96,99,4,287
1838,0,1,98,91,91,7,287
53,1,1,90,97,92,7,286
496,1,1,90,89,100,7,286
869,1,1,86,94,96,10,286
956,1,1,93,97,91,5,286
1191,1,1,90,96,90,10,286
1325,1,1,100,82,94,10,286
1335,1,1,100,88,88,10,286
1734,1,1,93,90,96,7,286
328,1,1,92,87,97,9,285
402,1,1,100,83,95,7,285
1234,1,1,93,93,89,10,285
1343,1,1,100,94,86,5,285
1630,1,1,100,89,86,10,285
1804,1,1,87,95,97,6,285
71,1,1,89,87,100,8,284
87,1,1,93,89,95,7,284
219,1,1,97,89,90,8,284
314,1,1,92,97,86,9,284
655,1,1,91,94,94,5,284
844,1,1,85,89,100,10,284
866,1,1,95,93,90,6,284
969,1,1,97,90,88,9,284
1093,0,1,89,92,93,10,284
1302,1,1,93,82,100,9,284
365,1,1,85,98,90,10,283
551,0,1,90,94,93,6,283
714,1,1,93,87,97,6,283
980,1,1,92,97,90,4,283
1702,1,1,90,100,91,2,283
49,1,1,91,92,90,9,282
294,1,1,96,79,98,9,282
575,1,1,93,90,93,6,282
584,1,1,87,98,87,10,282
602,1,1,89,92,93,8,282
764,0,1,84,92,99,7,282
1076,1,1,96,96,82,8,282
1133,1,1,95,88,89,10,282
1249,1,1,100,92,81,9,282
1508,1,1,85,100,90,7,282
1848,1,1,87,85,100,10,282
60,1,1,92,94,88,7,281
90,1,1,100,90,86,5,281
364,1,1,96,79,99,7,281
407,1,1,97,93,84,7,281
1054,1,1,92,86,93,10,281
1459,1,1,95,95,81,10,281
91,1,1,95,84,96,5,280
389,1,1,91,86,97,6,280
904,1,1,94,93,87,6,280
905,1,1,91,88,91,10,280
1001,1,1,94,93,83,10,280
1086,1,1,86,91,93,10,280
1439,1,1,86,100,84,10,280
1693,1,1,94,85,94,7,280
1784,1,1,92,87,94,7,280
172,1,1,91,95,88,5,279
237,1,1,100,88,83,8,279
342,1,1,87,92,93,7,279
729,1,1,100,88,84,7,279
734,1,1,96,83,93,7,279
901,1,1,84,91,95,9,279
981,1,1,92,84,93,10,279
1140,1,1,91,86,95,7,279
1265,1,1,81,98,97,3,279
1376,1,1,88,95,88,8,279
1460,1,1,97,86,88,8,279
1512,0,1,93,87,92,7,279
1553,1,1,87,90,92,10,279
1786,1,1,89,84,97,9,279
1805,1,1,87,93,89,10,279
427,1,1,87,93,89,9,278
489,1,1,87,94,89,8,278
633,1,1,90,85,95,8,278
976,0,1,98,83,92,5,278
1013,1,1,91,87,93,7,278
1137,1,1,91,89,93,5,278
1224,0,1,91,90,91,6,278
1310,1,1,92,98,79,9,278
1444,1,1,91,97,82,8,278
1518,1,1,82,97,94,5,278
1527,1,1,84,95,90,9,278
261,1,1,91,92,85,9,277
285,1,1,87,93,91,6,277
313,1,1,86,92,89,10,277
430,1,1,85,92,90,10,277
523,1,1,84,92,94,7,277
645,1,1,94,91,86,6,277
709,1,1,91,95,83,8,277
768,1,1,86,91,90,10,277
795,0,1,93,84,93,7,277
1197,0,1,95,86,89,7,277
1307,1,1,90,92,91,4,277
1562,1,1,89,91,89,8,277
1640,1,1,91,92,87,7,277
1756,0,1,100,86,84,7,277
1874,1,1,93,90,88,6,277
583,1,1,94,89,85,8,276
610,1,1,92,92,86,6,276
875,1,1,95,86,88,7,276
926,1,1,87,92,91,6,276
1109,1,1,94,95,81,6,276
1362,1,1,92,86,88,10,276
1748,1,1,92,86,89,9,276
189,1,1,86,87,95,7,275
326,1,1,88,92,85,10,275
341,1,1,82,94,89,10,275
403,1,1,90,90,88,7,275
454,1,1,92,86,87,10,275
783,1,1,90,82,94,9,275
924,1,1,91,93,85,6,275
1387,1,1,85,92,91,7,275
1774,1,1,94,92,83,6,275
1901,1,1,92,81,92,10,275
152,1,1,84,92,89,9,274
545,1,1,87,93,87,7,274
724,1,1,80,87,100,7,274
809,0,1,91,83,92,8,274
1344,1,1,79,91,100,4,274
1390,1,1,94,83,87,10,274
269,1,1,83,92,89,9,273
286,1,1,87,88,91,7,273
833,1,1,96,93,80,4,273
942,1,1,91,83,91,8,273
974,1,1,100,84,80,9,273
984,1,1,93,86,86,8,273
995,1,1,96,82,87,8,273
1027,1,1,94,90,80,9,273
1462,1,1,82,99,86,6,273
1564,1,1,92,91,82,8,273
1590,1,1,86,88,92,7,273
1710,1,1,89,90,89,5,273
1783,1,1,80,100,84,9,273
1896,1,1,97,94,76,6,273
217,1,1,93,93,83,3,272
335,1,1,89,89,89,5,272
381,1,1,87,90,88,7,272
542,1,1,91,87,89,5,272
630,1,1,83,89,92,8,272
688,1,1,100,81,86,5,272
705,1,1,89,82,95,6,272
737,1,1,87,90,87,8,272
822,1,1,93,85,87,7,272
1246,0,1,82,86,98,6,272
1270,1,1,95,87,83,7,272
491,1,1,85,85,91,10,271
1244,1,1,95,83,84,9,271
1402,1,1,86,88,90,7,271
1654,1,1,84,84,96,7,271
1695,1,1,87,88,91,5,271
1715,1,1,90,85,90,6,271
1793,1,1,85,100,81,5,271
31,1,1,85,90,92,3,270
337,1,1,81,90,92,7,270
677,0,1,86,85,92,7,270
944,1,1,88,93,82,7,270
1256,1,1,85,84,92,9,270
1333,1,1,89,89,84,8,270
1776,1,1,86,84,90,10,270
701,1,1,78,89,92,10,269
787,1,1,92,87,84,6,269
1155,1,1,95,84,85,5,269
1473,1,1,90,87,87,5,269
1631,1,1,79,87,94,9,269
1736,1,1,91,92,81,5,269
554,1,1,85,91,85,7,268
1107,1,1,87,84,92,5,268
1175,1,1,95,81,87,5,268
1285,0,1,83,91,84,10,268
1374,1,1,89,82,91,6,268
1754,1,1,76,88,97,7,268
1908,1,1,82,87,92,7,268
80,1,1,84,87,92,4,267
224,1,1,85,88,87,7,267
445,1,1,86,85,91,5,267
686,0,1,84,90,87,6,267
807,1,1,83,86,94,4,267
1012,1,1,88,89,84,6,267
1119,1,1,94,86,81,6,267
1505,1,1,84,96,83,4,267
1559,1,1,89,80,92,6,267
136,1,1,89,86,85,6,266
311,1,1,85,82,93,6,266
315,1,1,84,89,83,10,266
957,0,1,86,92,83,5,266
1002,1,1,86,89,84,7,266
1087,0,1,90,83,86,7,266
1228,1,1,89,86,83,8,266
1514,1,1,75,94,87,10,266
1529,1,1,90,81,89,6,266
1888,1,1,85,81,95,5,266
245,1,1,84,84,89,8,265
797,1,1,88,87,85,5,265
874,1,1,88,86,87,4,265
998,1,1,95,88,75,7,265
1169,1,1,90,85,83,7,265
1279,1,1,79,98,80,8,265
1393,0,1,85,82,89,9,265
1567,1,1,79,91,87,8,265
1581,1,1,92,77,88,8,265
72,1,1,91,90,76,7,264
169,1,1,75,80,99,10,264
667,1,1,88,88,82,6,264
791,1,1,82,82,95,5,264
1436,0,1,91,88,80,5,264
185,0,1,84,83,89,7,263
196,1,1,84,86,83,10,263
299,1,1,84,85,87,7,263
322,0,1,83,90,83,7,263
378,1,1,91,84,86,2,263
465,1,1,94,80,85,4,263
629,0,1,83,89,83,8,263
912,1,1,94,85,79,5,263
1092,1,1,87,87,83,6,263
1123,1,1,91,81,83,8,263
1203,1,1,87,93,75,8,263
1311,1,1,80,84,92,7,263
1407,1,1,92,75,86,10,263
1489,1,1,89,89,78,7,263
1650,1,1,82,80,91,10,263
1761,1,1,86,89,80,8,263
1847,1,1,82,96,79,6,263
21,1,1,90,80,84,8,262
25,1,1,89,79,87,7,262
301,1,1,92,79,84,7,262
469,1,1,81,86,89,6,262
663,0,1,81,91,87,3,262
913,1,1,79,89,88,6,262
1057,1,1,87,75,93,7,262
1216,1,1,85,84,85,8,262
1298,1,1,77,90,85,10,262
1457,1,1,85,80,92,5,262
1557,1,1,91,83,82,6,262
1605,1,1,83,88,83,8,262
1904,1,1,84,86,88,4,262
20,1,1,78,88,90,5,261
452,1,1,83,84,88,6,261
840,1,1,80,93,79,9,261
1011,1,1,80,86,89,6,261
1033,0,1,81,94,81,5,261
1188,1,1,86,84,87,4,261
1411,1,1,80,80,96,5,261
1660,1,1,87,77,88,9,261
1814,1,1,79,91,85,6,261
170,1,1,88,86,77,9,260
558,1,1,88,85,80,7,260
881,0,1,81,81,90,8,260
911,1,1,93,72,87,8,260
1073,0,1,86,87,81,6,260
1380,1,1,86,84,84,6,260
1763,1,1,84,89,80,7,260
1787,1,1,82,84,88,6,260
268,1,1,87,88,76,8,259
471,1,1,80,85,89,5,259
592,1,1,81,81,89,8,259
717,1,1,75,87,87,10,259
906,1,1,89,82,83,5,259
994,1,1,83,81,90,5,259
1194,1,1,86,83,80,10,259
1269,1,1,82,78,90,9,259
1401,1,1,89,82,86,2,259
1501,1,1,86,88,79,6,259
1541,1,1,87,77,92,3,259
260,1,1,83,80,87,8,258
662,0,1,72,87,91,8,258
726,0,1,85,77,87,9,258
837,1,1,93,79,80,6,258
1108,1,1,85,80,89,4,258
1202,0,1,88,77,89,4,258
1394,1,1,86,88,77,7,258
1431,1,1,84,78,88,8,258
201,1,1,83,85,83,6,257
405,1,1,80,87,82,8,257
1196,0,1,83,85,82,7,257
1810,1,1,86,89,79,3,257
34,1,1,78,85,88,5,256
349,1,1,85,83,79,9,256
582,1,1,73,94,83,6,256
931,1,1,86,84,79,7,256
1220,0,1,80,87,83,6,256
1250,1,1,87,79,84,6,256
1259,1,1,70,90,87,9,256
1416,1,1,90,87,77,2,256
1530,1,1,84,90,77,5,256
1718,0,1,81,92,78,5,256
1808,1,1,80,88,81,7,256
1819,1,1,86,83,77,10,256
1905,1,1,80,80,93,3,256
51,0,1,83,81,85,6,255
439,1,1,84,87,78,6,255
553,1,1,79,81,88,7,255
700,1,1,83,81,83,8,255
832,1,1,79,88,79,9,255
1356,1,1,88,79,79,9,255
1375,1,1,84,84,80,7,255
283,1,1,88,75,86,5,254
526,1,1,92,81,74,7,254
704,1,1,82,86,81,5,254
1321,0,1,76,86,85,7,254
1433,1,1,74,90,83,7,254
1662,1,1,88,78,83,5,254
1681,1,1,83,92,76,3,254
1849,1,1,80,84,86,4,254
1887,1,1,75,84,87,8,254
112,1,1,84,86,77,6,253
295,1,1,80,79,90,4,253
725,0,1,89,80,78,6,253
1065,0,1,92,70,84,7,253
1152,1,1,82,88,80,3,253
1172,1,1,82,78,85,8,253
1426,1,1,82,86,80,5,253
1534,1,1,86,77,82,8,253
1579,1,1,85,98,65,5,253
1674,1,1,80,83,81,9,253
1869,1,1,83,88,77,5,253
190,1,1,85,82,78,7,252
239,1,1,87,75,88,2,252
605,0,1,75,90,79,8,252
612,1,1,78,86,84,4,252
767,1,1,74,82,86,10,252
819,1,1,90,75,80,7,252
940,1,1,72,94,79,7,252
1003,1,1,80,74,92,6,252
1274,1,1,90,84,76,2,252
1381,1,1,81,79,82,10,252
1649,1,1,84,80,83,5,252
1703,1,1,90,77,81,4,252
192,1,1,94,82,70,5,251
307,1,1,79,82,86,4,251
685,1,1,81,86,80,4,251
747,1,1,73,87,86,5,251
1010,1,1,83,76,82,10,251
1287,1,1,79,85,83,4,251
1396,1,1,76,83,86,6,251
1645,1,1,71,88,85,7,251
1807,1,1,73,87,83,8,251
147,1,1,89,74,82,5,250
206,1,1,76,80,91,3,250
221,1,1,82,86,79,3,250
242,1,1,86,78,82,4,250
274,0,1,78,84,85,3,250
306,1,1,79,86,80,5,250
411,1,1,80,81,84,5,250
433,1,1,77,83,84,6,250
549,1,1,85,78,78,9,250
743,1,1,78,85,77,10,250
1066,1,1,77,76,91,6,250
1148,1,1,86,73,86,5,250
1669,1,1,82,87,77,4,250
1772,1,1,84,84,80,2,250
41,1,1,83,70,91,5,249
436,1,1,90,72,84,3,249
501,1,1,84,75,83,7,249
624,1,1,83,72,84,10,249
1035,1,1,79,81,81,8,249
1201,1,1,81,82,80,6,249
1445,1,1,89,73,81,6,249
26,1,1,84,81,76,7,248
76,1,1,86,83,72,7,248
151,1,1,86,75,80,7,248
327,1,1,79,83,81,5,248
456,1,1,90,77,75,6,248
498,1,1,85,74,85,4,248
625,1,1,75,85,85,3,248
716,1,1,83,84,76,5,248
895,1,1,84,75,82,7,248
909,1,1,74,83,83,8,248
1608,0,1,76,85,82,5,248
255,1,1,79,77,88,3,247
475,1,1,74,84,85,4,247
487,1,1,80,79,81,7,247
672,0,1,85,77,80,5,247
1164,1,1,91,75,75,6,247
1315,0,1,86,79,77,5,247
1339,0,1,78,82,84,3,247
1461,1,1,81,79,81,6,247
1470,1,1,84,77,79,7,247
1670,1,1,88,74,80,5,247
1729,1,1,86,74,84,3,247
1866,1,1,78,87,75,7,247
33,1,1,78,82,80,6,246
530,1,1,84,76,79,7,246
735,1,1,70,82,86,8,246
1023,1,1,84,77,80,5,246
1056,1,1,84,74,81,7,246
1635,1,1,75,75,91,5,246
1799,1,1,76,80,85,5,246
1852,1,1,81,85,75,5,246
63,1,1,77,73,89,6,245
414,1,1,79,77,82,7,245
927,1,1,77,79,83,6,245
945,1,1,84,74,78,9,245
1058,1,1,84,85,72,4,245
1147,1,1,77,82,81,5,245
1240,0,1,77,79,83,6,245
1257,0,1,83,78,79,5,245
1509,1,1,78,70,92,5,245
1656,1,1,85,74,79,7,245
1672,1,1,73,81,87,4,245
1872,1,1,83,71,83,8,245
441,1,1,70,84,81,9,244
603,1,1,80,80,79,5,244
878,1,1,80,85,73,6,244
934,0,1,82,85,72,5,244
1135,1,1,84,73,82,5,244
1258,1,1,76,87,75,6,244
1498,1,1,83,82,74,5,244
1782,1,1,73,82,82,7,244
1813,1,1,78,81,79,6,244
28,1,1,82,76,77,8,243
366,1,1,72,82,83,6,243
918,1,1,82,73,83,5,243
1162,1,1,88,79,71,5,243
1271,1,1,76,85,78,4,243
1318,0,1,87,73,75,8,243
1613,1,1,79,75,82,7,243
1675,1,1,79,76,83,5,243
446,1,1,75,76,87,4,242
485,1,1,82,83,70,7,242
1040,1,1,88,66,83,5,242
1293,1,1,66,86,82,8,242
1365,1,1,75,75,86,6,242
1366,1,1,78,78,80,6,242
1571,1,1,83,78,77,4,242
1573,1,1,78,81,77,6,242
432,1,1,79,78,76,8,241
437,1,1,77,80,77,7,241
449,1,1,89,75,72,5,241
839,1,1,78,80,77,6,241
1028,0,1,76,77,82,6,241
1297,1,1,78,77,80,6,241
1414,1,1,75,87,78,1,241
1418,1,1,72,80,85,4,241
1446,1,1,73,77,86,5,241
1486,1,1,77,74,84,6,241
1678,1,1,79,80,76,6,241
1708,1,1,82,75,78,6,241
1719,1,1,80,81,76,4,241
1815,1,1,73,78,86,4,241
1873,1,1,83,82,69,7,241
671,1,1,79,83,74,4,240
785,1,1,86,78,70,6,240
835,1,1,77,85,77,1,240
1539,0,1,78,73,79,10,240
1762,1,1,81,71,84,4,240
1891,1,1,78,74,86,2,240
56,1,1,78,82,74,5,239
316,0,1,84,74,76,5,239
450,1,1,72,74,84,9,239
889,1,1,83,78,73,5,239
899,0,1,88,67,75,9,239
935,1,1,75,80,80,4,239
972,1,1,69,75,89,6,239
1004,1,1,81,79,74,5,239
1276,1,1,72,81,77,9,239
1353,0,1,74,83,76,6,239
1554,1,1,71,82,81,5,239
494,1,1,79,74,80,5,238
1006,1,1,84,78,71,5,238
1233,1,1,74,71,86,7,238
1632,1,1,79,76,78,5,238
1841,1,1,77,74,77,10,238
36,1,1,73,77,79,8,237
288,1,1,76,74,81,6,237
699,1,1,73,74,81,9,237
982,1,1,71,81,80,5,237
1021,1,1,81,66,87,3,237
1125,1,1,84,76,74,3,237
1126,1,1,79,77,77,4,237
1373,0,1,71,89,74,3,237
1742,1,1,84,74,75,4,237
1796,1,1,63,85,84,5,237
503,1,1,73,78,78,7,236
838,1,1,86,69,78,3,236
843,1,1,71,80,81,4,236
1070,1,1,79,73,82,2,236
1331,1,1,78,70,86,2,236
1474,1,1,67,84,78,7,236
1475,1,1,71,76,83,6,236
264,0,1,85,71,76,3,235
464,0,1,82,74,72,7,235
638,1,1,73,85,71,6,235
690,1,1,70,88,69,8,235
1213,1,1,83,74,72,6,235
1243,1,1,69,81,77,8,235
1338,1,1,81,70,76,8,235
1358,1,1,74,83,74,4,235
1360,1,1,78,79,72,6,235
1477,1,1,84,67,75,9,235
1478,0,1,77,74,76,8,235
135,1,1,87,74,72,1,234
352,1,1,80,76,75,3,234
563,0,1,75,81,75,3,234
622,1,1,77,74,77,6,234
845,1,1,83,76,72,3,234
879,1,1,75,73,79,7,234
953,1,1,79,72,77,6,234
999,1,1,73,81,75,5,234
1513,1,1,74,76,77,7,234
1639,0,1,76,90,65,3,234
1828,0,1,66,85,76,7,234
1894,0,1,77,76,72,9,234
1898,1,1,75,80,71,8,234
1906,1,1,77,80,68,9,234
580,1,1,72,80,75,6,233
649,1,1,81,78,69,5,233
806,1,1,80,69,80,4,233
1301,1,1,72,73,82,6,233
1308,1,1,76,76,75,6,233
1329,1,1,76,77,73,7,233
1544,1,1,71,80,77,5,233
1886,1,1,82,71,71,9,233
120,1,1,76,81,65,10,232
320,1,1,69,81,77,5,232
417,1,1,83,78,68,3,232
799,1,1,77,80,72,3,232
1651,1,1,72,72,83,5,232
1714,1,1,80,72,74,6,232
399,1,1,77,72,79,3,231
468,1,1,71,77,78,5,231
497,1,1,75,79,73,4,231
570,1,1,72,77,78,4,231
707,1,1,67,79,77,8,231
1212,1,1,68,77,80,6,231
1296,1,1,75,83,69,4,231
1337,1,1,79,73,71,8,231
1583,1,1,72,82,74,3,231
1740,1,1,81,70,72,8,231
1877,1,1,78,70,79,4,231
40,1,1,68,80,75,7,230
131,1,1,74,78,73,5,230
345,1,1,70,77,77,6,230
627,1,1,69,72,86,3,230
760,1,1,75,75,76,4,230
891,1,1,71,79,75,5,230
1121,1,1,73,73,79,5,230
1417,0,1,83,70,73,4,230
1696,1,1,79,66,80,5,230
412,1,1,77,77,72,3,229
431,1,1,80,73,69,7,229
534,1,1,75,76,72,6,229
565,1,1,76,76,71,6,229
642,1,1,81,69,71,8,229
955,1,1,80,72,71,6,229
996,1,1,80,65,77,7,229
1009,1,1,70,77,74,8,229
1158,1,1,73,79,73,4,229
1354,1,1,72,73,80,4,229
1443,1,1,77,72,74,6,229
1717,1,1,74,78,73,4,229
1789,0,1,78,75,73,3,229
108,1,1,72,75,76,5,228
165,1,1,70,71,80,7,228
670,1,1,75,78,71,4,228
1110,1,1,81,76,67,4,228
1166,1,1,70,73,77,8,228
1195,0,1,64,77,79,8,228
1204,0,1,78,71,73,6,228
1386,1,1,82,78,65,3,228
1488,1,1,76,76,72,4,228
240,1,1,72,79,70,6,227
478,1,1,72,86,68,1,227
511,0,1,75,73,73,6,227
606,1,1,72,76,76,3,227
615,1,1,74,83,66,4,227
648,1,1,71,67,80,9,227
970,1,1,73,69,79,6,227
1038,1,1,78,69,78,2,227
1336,1,1,77,71,76,3,227
1802,1,1,75,80,66,6,227
30,1,1,67,76,77,6,226
594,1,1,62,78,81,5,226
834,1,1,74,68,77,7,226
851,0,1,72,74,77,3,226
857,1,1,84,70,67,5,226
1063,1,1,76,78,67,5,226
1097,0,1,79,80,59,8,226
1211,1,1,79,67,74,6,226
1676,1,1,73,71,78,4,226
19,0,1,67,82,71,5,225
125,1,1,76,77,70,2,225
770,1,1,79,76,65,5,225
836,1,1,77,65,76,7,225
1005,1,1,69,79,70,7,225
1059,1,1,67,73,80,5,225
1476,1,1,80,70,72,3,225
1483,1,1,80,72,67,6,225
1526,0,1,71,71,77,6,225
1690,1,1,79,71,72,3,225
1834,1,1,75,75,74,1,225
11,1,1,67,74,79,4,224
209,1,1,79,79,60,6,224
215,1,1,70,78,71,5,224
423,1,1,73,74,71,6,224
546,1,1,73,69,77,5,224
643,0,1,69,75,78,2,224
665,1,1,76,71,74,3,224
808,0,1,66,82,67,9,224
812,1,1,67,76,74,7,224
1080,1,1,67,68,82,7,224
1399,1,1,77,71,71,5,224
1419,1,1,78,66,73,7,224
1465,1,1,65,71,80,8,224
1538,1,1,74,80,68,2,224
1726,1,1,74,79,66,5,224
1788,1,1,71,79,69,5,224
119,1,1,84,68,67,4,223
398,1,1,74,76,69,4,223
408,1,1,76,74,66,7,223
499,1,1,76,70,75,2,223
1528,1,1,74,73,74,2,223
1589,1,1,67,75,76,5,223
1853,1,1,82,66,70,5,223
149,1,1,76,65,74,7,222
174,0,1,70,72,78,2,222
325,1,1,69,74,74,5,222
434,1,1,67,72,77,6,222
531,1,1,60,75,79,8,222
864,1,1,72,73,74,3,222
1055,1,1,75,76,67,4,222
1425,1,1,72,77,67,6,222
1467,1,1,66,74,73,9,222
1569,1,1,74,79,66,3,222
1737,1,1,76,73,69,4,222
1766,1,1,81,60,77,4,222
84,1,1,69,83,68,1,221
107,1,1,70,73,76,2,221
156,1,1,58,76,83,4,221
474,1,1,61,77,73,10,221
504,1,1,57,86,75,3,221
522,1,1,73,73,71,4,221
1114,1,1,70,78,71,2,221
1150,1,1,71,63,78,9,221
1189,1,1,74,70,73,4,221
1614,1,1,71,74,73,3,221
1673,1,1,76,64,73,8,221
1682,0,1,79,67,67,8,221
1764,1,1,65,75,77,4,221
1825,1,1,82,73,63,3,221
1907,1,1,79,69,67,6,221
133,1,1,74,66,75,5,220
855,1,1,77,70,68,5,220
1177,1,1,72,71,76,1,220
1395,0,1,74,79,65,2,220
1617,1,1,79,65,70,6,220
1652,1,1,73,73,66,8,220
375,1,1,70,78,65,6,219
442,1,1,68,71,76,4,219
521,1,1,72,75,66,6,219
543,1,1,68,64,80,7,219
778,1,1,77,72,69,1,219
865,1,1,77,73,65,4,219
1141,1,1,67,76,72,4,219
1237,1,1,67,74,71,7,219
1303,1,1,72,70,68,9,219
1420,1,1,74,79,63,3,219
1575,1,1,68,75,74,2,219
1576,0,1,77,67,72,3,219
229,1,1,74,72,68,4,218
400,0,1,67,70,77,4,218
817,1,1,69,78,68,3,218
1361,1,1,74,66,71,7,218
1570,0,1,75,65,69,9,218
1832,1,1,73,70,72,3,218
1870,1,1,67,67,75,9,218
187,0,1,74,70,71,2,217
230,0,1,81,66,64,6,217
234,1,1,79,74,60,4,217
908,1,1,74,72,67,4,217
938,1,1,73,65,77,2,217
975,1,1,69,73,69,6,217
1369,1,1,77,69,67,4,217
1378,1,1,65,73,74,5,217
1449,1,1,66,73,72,6,217
1502,0,1,67,73,71,6,217
145,1,1,69,73,66,8,216
194,1,1,68,69,75,4,216
394,1,1,72,71,72,1,216
515,1,1,64,72,75,5,216
897,1,1,71,71,69,5,216
983,0,1,59,65,87,5,216
1111,1,1,73,67,70,6,216
1818,1,1,69,72,71,4,216
140,1,1,64,76,70,5,215
552,1,1,77,60,75,3,215
569,1,1,67,62,79,7,215
617,1,1,66,66,74,9,215
876,0,1,71,69,70,5,215
1316,0,1,74,68,68,5,215
1577,0,1,75,76,62,2,215
1692,1,1,74,70,67,4,215
1739,1,1,71,68,70,6,215
232,0,1,69,70,67,8,214
520,1,1,72,65,77,0,214
653,1,1,68,68,78,0,214
692,1,1,69,67,76,2,214
849,1,1,63,73,76,2,214
1102,1,1,76,62,74,2,214
1367,1,1,64,73,72,5,214
1448,1,1,75,63,73,3,214
92,1,1,68,64,76,5,213
176,1,1,68,71,73,1,213
1780,1,1,75,76,57,5,213
1865,1,1,63,72,76,2,213
650,1,1,77,65,67,3,212
928,1,1,69,74,65,4,212
992,1,1,71,64,74,3,212
1062,1,1,71,66,71,4,212
1129,1,1,73,66,71,2,212
1176,1,1,70,72,64,6,212
1350,1,1,72,63,71,6,212
1699,1,1,69,64,73,6,212
248,1,1,74,64,72,1,211
396,1,1,68,64,76,3,211
805,0,1,76,68,61,6,211
1160,1,1,71,66,70,4,211
1516,1,1,67,66,75,3,211
1600,0,1,63,76,69,3,211
1817,0,1,66,67,72,6,211
348,1,1,65,66,76,3,210
728,1,1,67,71,68,4,210
846,1,1,71,73,62,4,210
1284,1,1,66,69,71,4,210
1472,1,1,73,67,65,5,210
1551,1,1,65,71,71,3,210
1556,1,1,68,64,74,4,210
1770,1,1,66,70,68,6,210
330,0,1,69,68,67,5,209
356,1,1,69,70,64,6,209
480,0,1,59,71,74,5,209
595,1,1,72,67,70,0,209
850,1,1,66,70,70,3,209
854,1,1,63,81,63,2,209
1182,1,1,75,69,62,3,209
1657,0,1,72,72,62,3,209
96,1,1,72,65,69,2,208
277,1,1,69,69,67,3,208
355,1,1,77,70,57,4,208
533,0,1,64,62,75,7,208
666,1,1,63,70,71,4,208
790,1,1,67,72,68,1,208
1768,1,1,68,69,65,6,208
1846,1,1,71,55,79,3,208
166,1,1,67,59,77,4,207
635,1,1,72,69,62,4,207
720,1,1,74,67,63,3,207
1101,1,1,64,66,76,1,207
1309,1,1,61,70,71,5,207
1322,1,1,70,61,71,5,207
1382,1,1,69,69,64,5,207
1480,1,1,64,71,69,3,207
1771,1,1,63,78,59,7,207
199,0,1,63,63,73,7,206
214,1,1,66,72,62,6,206
308,1,1,65,74,64,3,206
576,1,1,69,75,57,5,206
654,0,1,69,62,71,4,206
1282,1,1,62,75,66,3,206
1574,1,1,65,67,68,6,206
1592,0,1,68,66,66,6,206
1826,1,1,70,68,65,3,206
1843,1,1,66,63,76,1,206
55,1,1,76,68,57,4,205
235,1,1,68,73,64,0,205
811,1,1,57,69,76,3,205
1049,1,1,79,67,57,2,205
1081,1,1,62,72,67,4,205
1170,0,1,70,62,70,3,205
1371,1,1,59,74,71,1,205
1586,1,1,71,65,64,5,205
1792,0,1,60,68,72,5,205
1897,1,1,65,73,62,5,205
62,1,1,68,72,60,4,204
317,0,1,71,68,59,6,204
484,1,1,67,78,56,3,204
555,0,1,64,76,62,2,204
824,1,1,66,67,62,9,204
1075,1,1,63,64,77,0,204
1452,1,1,65,67,68,4,204
9,0,1,60,77,66,0,203
74,1,1,62,73,65,3,203
303,0,1,73,61,64,5,203
973,1,1,59,68,72,4,203
1,0,1,66,67,64,5,202
7,1,1,73,61,64,4,202
777,0,1,69,71,58,4,202
1368,1,1,76,65,60,1,202
1379,1,1,68,70,55,9,202
1441,1,1,67,59,68,8,202
1723,0,1,68,60,69,5,202
1821,1,1,72,64,62,4,202
1890,1,1,63,71,61,7,202
24,1,1,67,59,72,3,201
47,1,1,67,71,60,3,201
207,1,1,68,61,67,5,201
246,1,1,62,73,61,5,201
406,1,1,60,72,61,8,201
1671,1,1,67,68,65,1,201
719,0,1,64,62,74,0,200
1127,1,1,62,72,66,0,200
1167,1,1,57,71,68,4,200
1278,0,1,65,70,62,3,200
1323,1,1,75,60,63,2,200
1537,1,1,73,59,63,5,200
1661,0,1,53,68,71,8,200
1697,1,1,68,68,59,5,200
82,1,1,63,65,67,4,199
265,1,1,65,73,61,0,199
858,1,1,58,72,64,5,199
1007,1,1,55,71,70,3,199
1113,1,1,71,57,67,4,199
1115,1,1,62,79,55,3,199
1174,1,1,56,69,69,5,199
1230,1,1,67,72,57,3,199
1261,1,1,68,66,61,4,199
444,1,1,60,69,63,6,198
482,0,1,63,58,75,2,198
493,1,1,57,71,65,5,198
529,1,1,61,70,61,6,198
675,1,1,65,71,59,3,198
684,1,1,58,63,73,4,198
933,1,1,63,66,65,4,198
1171,1,1,60,68,65,5,198
1273,1,1,58,70,65,5,198
1352,0,1,64,65,64,5,198
1447,0,1,69,70,54,5,198
1633,1,1,56,66,72,4,198
1733,1,1,70,62,62,4,198
1795,1,1,68,62,64,4,198
1857,1,1,60,67,68,3,198
312,1,1,66,67,61,3,197
598,1,1,63,65,66,3,197
703,0,1,66,62,65,4,197
951,1,1,72,61,62,2,197
1034,0,1,63,64,65,5,197
1124,1,1,62,64,66,5,197
1438,1,1,60,69,66,2,197
1543,0,1,71,67,56,3,197
10,1,1,65,59,67,5,196
340,1,1,58,72,64,2,196
385,0,1,61,64,70,1,196
681,0,1,68,66,58,4,196
1105,0,1,68,65,63,0,196
1300,1,1,64,62,69,1,196
1622,1,1,63,69,63,1,196
1800,1,1,76,60,60,0,196
69,1,1,65,63,65,2,195
954,1,1,56,73,65,1,195
1545,0,1,62,66,64,3,195
300,1,1,74,60,58,2,194
395,1,1,70,61,59,4,194
697,0,1,65,66,60,3,194
987,1,1,66,67,61,0,194
1000,1,1,61,66,63,4,194
1042,0,1,67,54,69,4,194
1587,0,1,61,71,61,1,194
490,1,1,63,61,68,1,193
683,1,1,64,59,68,2,193
773,1,1,63,62,65,3,193
993,1,1,63,68,58,4,193
1116,1,1,66,70,56,1,193
1752,1,1,58,64,68,3,193
284,1,1,61,65,66,0,192
460,1,1,53,63,71,5,192
574,1,1,60,59,69,4,192
1248,1,1,65,62,62,3,192
1584,1,1,57,74,57,4,192
1603,1,1,58,59,71,4,192
661,1,1,60,66,64,1,191
754,1,1,63,66,56,6,191
1218,1,1,57,55,75,4,191
289,1,1,65,68,54,3,190
318,1,1,62,64,62,2,190
1039,1,1,65,65,59,1,190
1225,1,1,60,67,63,0,190
1340,1,1,63,64,62,1,190
550,1,1,61,65,60,3,189
815,1,1,66,68,52,3,189
1893,1,1,68,59,57,5,189
1903,0,1,68,58,59,4,189
66,1,1,59,60,66,3,188
410,0,1,65,62,58,3,188
589,1,1,47,66,71,4,188
762,1,1,63,63,56,6,188
887,1,1,62,70,55,1,188
898,1,1,60,70,55,3,188
1120,1,1,71,59,58,0,188
1286,0,1,61,61,61,5,188
1355,1,1,63,57,63,5,188
1364,1,1,55,68,63,2,188
1659,1,1,68,67,51,2,188
1667,1,1,60,61,62,5,188
1712,1,1,65,58,60,5,188
1902,1,1,63,62,59,4,188
297,1,1,68,59,59,1,187
424,1,1,59,61,65,2,187
830,1,1,56,68,60,3,187
916,1,1,66,67,51,3,187
939,1,1,60,56,63,8,187
946,1,1,56,70,57,4,187
958,1,1,62,60,61,4,187
859,1,1,57,67,58,4,186
903,1,1,65,61,58,2,186
1008,1,1,65,60,57,4,186
1157,1,1,66,56,61,3,186
1241,1,1,57,72,57,0,186
1304,1,1,57,62,66,1,186
1833,1,1,60,61,61,4,186
146,1,1,56,69,58,2,185
693,0,1,57,63,60,5,185
1585,1,1,55,61,66,3,185
1859,1,1,55,65,62,3,185
198,0,1,56,64,61,3,184
776,1,1,60,60,59,5,184
1036,1,1,59,58,64,3,184
1861,1,1,57,67,59,1,184
45,0,1,58,56,69,0,183
251,0,1,49,66,61,6,182
280,1,1,60,64,58,0,182
751,1,1,59,62,61,0,182
863,1,1,57,60,63,2,182
1210,0,1,58,58,64,2,182
1319,1,1,55,63,61,3,182
1485,1,1,58,62,61,1,182
1623,1,1,60,60,60,2,182
1855,0,1,63,62,53,4,182
548,1,1,61,62,56,2,181
755,1,1,54,65,60,2,181
1759,1,1,78,50,51,2,181
223,1,1,54,60,60,6,180
528,1,1,57,59,59,5,180
1100,1,1,58,58,64,0,180
1515,0,1,57,55,68,0,180
1698,1,1,61,61,57,1,180
1743,0,1,54,64,59,3,180
1305,1,1,52,62,61,4,179
1384,0,1,59,59,61,0,179
1523,1,1,70,58,50,1,179
1778,0,1,61,61,55,2,179
781,1,1,57,60,60,1,178
1077,1,1,59,63,54,2,178
1138,1,1,53,62,58,5,178
418,0,1,53,62,60,2,177
784,1,1,62,62,51,2,177
914,0,1,64,57,54,2,177
1208,1,1,62,57,54,4,177
1493,0,1,68,57,52,0,177
1496,1,1,58,58,60,1,177
106,1,1,55,58,61,2,176
481,1,1,52,62,62,0,176
722,1,1,57,57,61,1,176
831,0,1,53,61,61,1,176
896,1,1,60,59,55,2,176
1299,1,1,65,62,47,2,176
1597,1,1,57,52,64,3,176
1644,1,1,55,54,64,3,176
1844,1,1,60,50,66,0,176
88,1,1,55,67,51,2,175
273,1,1,55,59,60,1,175
564,1,1,57,59,56,3,175
727,1,1,58,59,55,3,175
1226,1,1,60,62,53,0,175
1791,1,1,58,61,54,2,175
357,1,1,55,55,58,6,174
1103,1,1,48,62,60,4,174
1118,1,1,53,63,58,0,174
1602,1,1,60,52,62,0,174
278,1,1,64,55,54,0,173
841,1,1,60,55,57,1,173
1440,1,1,54,57,59,3,173
1785,1,1,58,56,58,1,173
873,0,1,56,56,57,3,172
1549,1,1,58,49,63,2,172
786,1,1,55,54,60,2,171
1385,1,1,54,61,53,3,171
1619,1,1,51,65,52,3,171
1820,0,1,52,55,58,6,171
93,1,1,51,58,57,4,170
593,1,1,52,58,60,0,170
1238,1,1,65,62,41,2,170
1495,1,1,52,59,58,1,170
1272,1,1,55,64,48,2,169
1636,1,1,57,64,47,1,169
1668,1,1,58,47,61,3,169
276,1,1,46,55,66,1,168
852,1,1,54,62,51,1,168
1060,1,1,56,53,57,2,168
1275,0,1,55,55,53,5,168
1471,1,1,57,53,58,0,168
1854,1,1,57,65,44,2,168
3,1,1,62,51,51,3,167
244,1,1,57,49,56,5,167
358,1,1,56,54,57,0,167
1019,1,1,50,66,47,4,167
1730,1,1,53,54,58,2,167
634,1,1,48,55,59,4,166
1071,1,1,60,54,49,3,166
1145,1,1,58,54,53,1,166
296,1,1,50,55,60,0,165
586,1,1,48,58,56,3,165
1277,1,1,54,51,60,0,165
1405,1,1,55,52,58,0,165
1451,0,1,55,55,51,4,165
814,0,1,58,61,44,1,164
1146,1,1,63,48,52,1,164
1095,1,1,48,45,69,1,163
1156,1,1,54,52,54,3,163
1428,1,1,58,46,59,0,163
109,0,1,53,54,53,2,162
1900,0,1,60,55,46,1,162
919,0,1,45,57,52,6,160
1184,0,1,57,48,52,3,160
1437,0,1,49,55,55,0,159
1883,1,1,45,54,60,0,159
613,1,1,44,55,56,3,158
780,1,1,51,45,60,2,158
1252,1,1,56,58,44,0,158
1797,1,1,58,47,53,0,158
1217,1,1,47,47,61,2,157
567,1,1,58,47,47,4,156
1555,1,1,50,51,52,3,156
892,0,1,56,50,49,0,155
1136,1,1,44,54,50,7,155
1809,0,1,38,68,49,0,155
438,1,1,58,49,47,0,154
949,1,1,58,57,39,0,154
960,1,1,56,56,41,1,154
765,1,1,54,46,50,3,153
1389,0,1,47,51,53,2,153
58,1,1,53,43,54,1,151
404,1,1,52,45,51,3,151
639,1,1,57,51,42,1,151
1219,0,1,49,49,50,2,150
1412,1,1,52,42,56,0,150
197,1,1,58,48,43,0,149
1738,1,1,51,50,48,0,149
4,1,1,52,43,50,3,148
746,1,1,45,48,55,0,148
429,1,1,50,48,47,2,147
100,1,1,37,55,52,2,146
153,1,1,52,42,52,0,146
1045,0,1,50,49,47,0,146
1655,1,1,47,46,47,6,146
57,1,1,50,45,48,2,145
457,1,1,44,47,49,1,141
941,0,1,42,35,58,0,135
75,1,1,53,37,42,2,134
137,1,1,38,48,46,0,132
