ID;Согласие;Приоритет;Физика_ИКТ;Русский;Математика;ИД;Сумма
485;1;1;100;100;100;10;310
1400;1;4;100;100;100;10;310
1486;1;1;100;100;100;10;310
23;1;1;100;100;100;10;310
1674;1;1;100;100;100;10;310
231;1;1;100;100;100;9;309
1434;1;4;100;100;100;9;309
46;1;1;100;100;100;9;309
2008;1;4;100;100;100;9;309
1255;1;1;100;100;100;8;308
30;1;1;100;100;100;8;308
460;1;1;100;100;100;8;308
951;1;1;100;100;100;7;307
1025;1;1;100;100;100;7;307
1045;1;1;100;100;100;7;307
1154;1;1;100;100;100;7;307
1190;1;1;100;100;100;7;307
366;1;1;100;100;100;7;307
1587;1;1;100;100;100;7;307
960;1;1;100;100;100;6;306
294;1;1;100;100;100;6;306
1156;1;1;100;100;100;6;306
321;1;1;100;100;100;6;306
119;1;2;100;100;100;5;305
144;1;2;100;100;100;5;305
320;1;1;100;100;100;5;305
652;1;4;100;100;100;5;305
94;1;1;100;100;100;5;305
449;1;1;100;100;100;4;304
1799;1;1;100;100;100;4;304
90;1;1;100;100;100;4;304
1464;1;1;100;100;100;3;303
2079;1;4;100;100;100;2;302
988;1;1;100;100;100;1;301
1213;1;1;100;100;100;1;301
87;1;1;100;100;100;1;301
1224;1;1;100;100;100;0;300
28;1;1;100;100;100;0;300
137;1;2;100;100;100;0;300
569;1;1;100;100;100;0;300
850;1;1;75;100;100;3;278
1810;1;1;90;93;93;1;277
2000;1;4;87;98;90;1;276
2067;1;4;89;83;96;8;276
1053;1;1;90;93;84;8;275
1442;1;4;98;99;74;4;275
1466;1;1;92;88;88;7;275
638;1;4;100;77;89;9;275
1164;1;1;100;87;87;0;274
1333;1;1;82;92;95;5;274
1420;1;4;88;92;85;9;274
451;1;1;90;89;87;8;274
1597;1;1;92;77;97;8;274
968;1;1;97;83;89;4;273
292;1;1;100;91;75;7;273
801;1;1;90;81;92;9;272
958;1;1;90;98;73;10;271
1196;1;1;98;74;90;9;271
178;1;2;75;97;92;7;271
559;1;1;81;90;94;6;271
1097;1;1;75;99;91;5;270
1622;1;1;96;89;79;6;270
2011;1;4;78;94;89;9;270
930;1;1;78;90;92;9;269
1571;1;1;90;74;100;5;269
1615;1;1;98;90;71;10;269
484;1;1;93;100;73;2;268
1017;1;1;87;71;100;10;268
6;1;1;82;92;84;9;267
1378;1;4;88;98;76;5;267
2070;1;4;91;100;70;6;267
1013;1;1;97;94;70;5;266
1106;1;1;80;88;89;9;266
1173;1;1;73;92;91;10;266
1274;1;1;78;100;88;0;266
535;1;1;76;97;90;3;266
1223;1;1;62;100;97;6;265
797;1;1;83;83;97;1;264
1518;0;1;99;70;93;2;264
1683;0;1;77;96;84;7;264
1945;0;4;82;100;73;9;264
998;0;1;87;89;80;7;263
1438;0;4;79;92;85;7;263
121;0;2;90;91;73;9;263
643;0;4;96;61;97;9;263
697;0;4;94;65;99;5;263
1515;0;1;90;81;91;1;263
1159;0;1;95;66;94;7;262
1364;0;4;95;75;84;8;262
1386;0;4;89;97;70;6;262
552;0;1;81;85;89;7;262
1636;0;1;86;85;81;10;262
793;0;1;78;91;82;10;261
851;0;1;96;87;75;3;261
881;0;1;91;70;100;0;261
260;0;1;65;93;93;10;261
1266;0;1;79;100;80;2;261
387;0;1;78;85;92;6;261
871;0;1;87;71;94;8;260
239;0;1;65;100;92;3;260
1047;0;1;86;70;95;9;260
1102;0;1;70;89;93;8;260
1125;0;1;98;52;100;10;260
1366;0;4;82;90;80;8;260
633;0;4;80;93;78;9;260
634;0;4;88;87;79;6;260
709;0;4;98;90;71;1;260
3744;0;1;99;65;92;3;259
536;0;1;84;74;91;10;259
606;0;4;69;93;87;10;259
716;0;4;100;92;67;0;259
1109;0;1;88;66;95;9;258
93;0;1;89;94;69;6;258
919;0;1;86;82;82;7;257
277;0;4;74;89;92;2;257
15;0;1;77;91;83;6;257
898;0;1;79;82;86;9;256
247;0;1;64;99;86;7;256
1119;0;1;93;63;93;7;256
1254;0;1;87;60;100;9;256
1362;0;4;82;92;76;6;256
1630;0;1;92;60;100;4;256
842;0;1;73;99;78;5;255
854;0;1;83;67;95;10;255
1447;0;4;88;60;98;9;255
662;0;4;84;74;91;6;255
2142;0;4;64;91;99;1;255
848;0;1;89;84;74;7;254
950;0;1;82;74;92;6;254
663;0;4;92;79;81;2;254
2030;0;4;96;89;63;6;254
1098;0;1;65;88;92;8;253
1132;0;1;99;46;100;8;253
1194;0;1;84;91;69;9;253
1214;0;1;94;94;61;4;253
1285;0;1;84;92;68;9;253
374;0;1;81;84;88;0;253
397;0;1;71;95;85;2;253
949;0;1;100;65;79;8;252
509;0;1;100;87;55;10;252
1087;0;1;75;100;70;7;252
1304;0;1;76;84;85;7;252
513;0;1;56;95;100;1;252
899;0;1;90;71;89;1;251
914;0;1;90;95;66;0;251
246;0;1;65;100;82;4;251
1389;0;4;62;95;89;5;251
3755;0;1;70;97;76;7;250
1168;0;1;89;59;98;4;250
1273;0;1;66;88;87;9;250
365;0;1;96;54;97;3;250
613;0;4;73;87;90;0;250
666;0;4;91;90;60;9;250
2062;0;4;87;64;96;3;250
2100;0;4;100;92;55;3;250
191;0;1;97;84;67;1;249
198;0;1;82;78;86;3;249
805;0;1;87;93;59;10;249
483;0;1;62;89;95;3;249
486;0;1;89;66;85;9;249
1153;0;1;77;100;71;1;249
1355;0;4;93;70;81;5;249
1414;0;4;94;87;67;1;249
141;0;2;83;77;82;7;249
525;0;1;84;70;85;10;249
1924;0;4;94;72;77;6;249
1926;0;4;99;51;93;6;249
2086;0;4;59;89;99;2;249
189;0;1;50;92;97;9;248
816;0;1;63;86;91;8;248
952;0;1;51;99;91;7;248
1023;0;1;89;64;88;7;248
1049;0;1;85;85;75;3;248
1296;0;1;64;85;99;0;248
1467;0;1;98;96;48;6;248
463;0;1;54;94;94;6;248
528;0;1;92;59;91;6;248
810;0;1;83;71;93;0;247
835;0;1;65;94;81;7;247
916;0;1;81;84;78;4;247
1009;0;1;87;96;62;2;247
558;0;1;51;88;100;8;247
598;0;4;98;46;93;10;247
1527;0;1;99;58;86;4;247
1784;0;1;97;49;100;1;247
2022;0;4;80;98;65;4;247
2065;0;4;83;82;72;10;247
2099;0;4;96;57;87;7;247
230;0;1;79;80;83;4;246
296;0;1;82;100;54;10;246
1062;0;1;89;95;60;2;246
1376;0;4;88;59;91;8;246
1429;0;4;81;82;82;1;246
422;0;1;93;82;62;9;246
458;0;1;82;100;54;10;246
565;0;1;93;76;70;7;246
627;0;4;85;84;75;2;246
698;0;4;91;78;77;0;246
1756;0;1;66;100;75;5;246
1916;0;4;88;92;63;3;246
205;0;1;61;80;98;6;245
876;0;1;96;64;82;3;245
264;0;1;96;43;100;6;245
1039;0;1;96;59;81;9;245
1293;0;1;88;80;69;8;245
1339;0;1;86;59;100;0;245
113;0;2;64;72;100;9;245
145;0;2;95;96;54;0;245
614;0;4;100;70;69;6;245
1210;0;1;70;71;94;9;244
1222;0;1;70;91;81;2;244
1497;0;1;62;87;95;0;244
1938;0;4;74;69;94;7;244
864;0;1;69;85;83;6;243
291;0;1;72;83;82;6;243
308;0;1;74;93;76;0;243
1114;0;1;100;66;67;10;243
1448;0;4;65;87;86;5;243
98;0;1;49;93;100;1;243
177;0;2;90;91;54;8;243
436;0;1;73;63;98;9;243
1975;0;4;77;62;97;7;243
1018;0;1;71;64;100;7;242
1365;0;4;88;56;94;4;242
352;0;1;91;79;65;7;242
367;0;1;67;71;94;10;242
619;0;4;82;87;69;4;242
1770;0;1;65;78;95;4;242
2254;0;1;81;89;64;8;242
197;0;1;70;89;80;2;241
212;0;1;97;83;59;2;241
827;0;1;73;83;78;7;241
500;0;1;54;80;100;7;241
1186;0;1;98;97;46;0;241
1329;0;1;96;72;66;7;241
1401;0;4;92;67;78;4;241
122;0;2;63;82;92;4;241
392;0;1;88;60;91;2;241
605;0;4;80;89;67;5;241
665;0;4;70;78;83;10;241
1601;0;1;79;77;77;8;241
1628;0;1;82;68;82;9;241
1697;0;1;64;77;95;5;241
1864;0;4;55;97;80;9;241
2047;0;4;53;90;94;4;241
89;0;1;57;86;88;10;241
2260;0;1;46;98;94;3;241
2262;0;1;81;60;96;4;241
860;0;1;77;80;79;4;240
956;0;1;57;89;84;10;240
505;0;1;78;86;71;5;240
1091;0;1;54;99;79;8;240
1103;0;1;78;65;91;6;240
1144;0;1;73;69;90;8;240
1395;0;4;63;74;98;5;240
1396;0;4;83;59;89;9;240
1428;0;4;46;96;94;4;240
1477;0;1;66;97;67;10;240
445;0;1;93;80;61;6;240
1523;0;1;100;68;62;10;240
1859;0;4;82;60;93;5;240
2141;0;4;95;60;80;5;240
210;0;1;86;57;95;1;239
7;0;1;43;100;86;10;239
995;0;1;100;84;55;0;239
996;0;1;73;68;89;9;239
1006;0;1;91;40;98;10;239
1163;0;1;100;70;60;9;239
1391;0;4;100;61;70;8;239
1392;0;4;80;58;98;3;239
421;0;1;52;100;85;2;239
1682;0;1;85;60;87;7;239
1687;0;1;97;51;89;2;239
1869;0;4;49;99;83;8;239
2087;0;4;93;66;78;2;239
2131;0;4;85;53;98;3;239
2258;0;1;55;81;97;6;239
223;0;1;100;84;45;9;238
829;0;1;92;69;70;7;238
895;0;1;58;83;87;10;238
8;0;4;100;46;92;0;238
490;0;1;87;93;54;4;238
1410;0;4;89;99;50;0;238
546;0;1;64;93;80;1;238
599;0;4;73;72;93;0;238
1822;0;1;69;66;95;8;238
1830;0;1;89;63;84;2;238
216;0;1;61;72;95;9;237
5;0;1;89;71;72;5;237
263;0;1;77;95;56;9;237
467;0;1;87;73;67;10;237
1043;0;1;100;68;64;5;237
1198;0;1;84;55;92;6;237
1204;0;1;59;86;91;1;237
1250;0;1;77;86;66;8;237
1384;0;4;87;59;89;2;237
554;0;1;89;96;47;5;237
618;0;4;91;41;96;9;237
706;0;4;84;97;46;10;237
1663;0;1;60;90;85;2;237
1081;0;1;84;86;65;1;236
1331;0;1;84;98;45;9;236
1379;0;4;96;47;91;2;236
32;0;1;94;74;62;6;236
526;0;1;78;93;59;6;236
608;0;4;80;51;100;5;236
1797;0;1;91;68;75;2;236
1899;0;4;92;87;55;2;236
188;0;1;71;81;76;7;235
843;0;1;64;82;89;0;235
937;0;1;80;81;67;7;235
953;0;1;99;43;86;7;235
976;0;1;97;43;90;5;235
1005;0;1;88;89;58;0;235
1016;0;1;87;84;54;10;235
1432;0;4;73;66;87;9;235
179;0;2;84;71;77;3;235
401;0;1;98;69;61;7;235
691;0;4;46;90;95;4;235
823;0;1;41;89;100;4;234
1503;0;1;100;46;78;10;234
1586;0;1;83;75;71;5;234
2277;0;1;65;73;89;7;234
844;0;1;55;92;86;0;233
939;0;1;61;80;83;9;233
244;0;1;95;75;58;5;233
268;0;1;97;46;89;1;233
1008;0;1;79;54;92;8;233
1012;0;1;71;76;76;10;233
1082;0;1;73;97;60;3;233
1123;0;1;97;40;91;5;233
1236;0;1;76;51;98;8;233
1478;0;1;89;58;79;7;233
131;0;2;91;47;85;10;233
647;0;4;86;45;99;3;233
1608;0;1;94;58;76;5;233
1814;0;1;79;71;77;6;233
2054;0;4;70;77;84;2;233
2251;0;1;100;59;68;6;233
2255;0;1;86;46;99;2;233
184;0;1;91;63;78;0;232
818;0;1;78;76;76;2;232
885;0;1;73;87;71;1;232
254;0;1;84;79;61;8;232
1147;0;1;85;58;84;5;232
1193;0;1;100;46;82;4;232
1257;0;1;67;92;70;3;232
1326;0;1;43;98;90;1;232
1348;0;1;60;72;100;0;232
393;0;1;89;43;93;7;232
542;0;1;91;79;52;10;232
548;0;1;40;100;86;6;232
719;0;4;81;57;85;9;232
217;0;1;44;88;95;4;231
892;0;1;86;88;52;5;231
913;0;1;53;94;80;4;231
926;0;1;89;62;70;10;231
10;0;1;71;82;78;0;231
1127;0;1;66;96;69;0;231
330;0;1;95;40;96;0;231
375;0;1;78;52;92;9;231
1516;0;1;80;77;73;1;231
1539;0;1;98;79;52;2;231
1600;0;1;63;100;63;5;231
1685;0;1;100;83;42;6;231
1802;0;1;80;54;87;10;231
222;0;1;47;100;78;5;230
224;0;1;89;61;75;5;230
791;0;1;49;91;81;9;230
1001;0;1;91;63;66;10;230
1010;0;1;62;62;98;8;230
1072;0;1;99;55;69;7;230
1232;0;1;86;91;45;8;230
1445;0;4;91;75;56;8;230
1460;0;1;78;48;94;10;230
1476;0;1;81;55;85;9;230
403;0;1;92;88;46;4;230
567;0;1;93;52;78;7;230
1526;0;1;56;96;71;7;230
1804;0;1;40;85;96;9;230
1811;0;1;54;73;98;5;230
811;0;1;93;78;49;9;229
867;0;1;93;42;90;4;229
473;0;1;63;99;59;8;229
510;0;1;86;90;51;2;229
1136;0;1;61;85;78;5;229
1138;0;1;45;96;88;0;229
1180;0;1;80;49;90;10;229
1324;0;1;75;53;96;5;229
39;0;1;94;51;75;9;229
1602;0;1;82;78;64;5;229
1676;0;1;50;73;100;6;229
1691;0;1;89;69;63;8;229
1894;0;4;86;45;90;8;229
1911;0;4;98;44;85;2;229
2049;0;4;82;45;97;5;229
2077;0;4;55;99;68;7;229
3712;0;1;78;65;81;4;228
195;0;1;99;60;67;2;228
938;0;1;95;49;80;4;228
982;0;1;65;80;79;4;228
257;0;1;90;44;91;3;228
279;0;4;92;80;55;1;228
1199;0;1;70;73;79;6;228
1325;0;1;87;72;60;9;228
34;0;1;84;74;61;9;228
146;0;2;89;69;64;6;228
616;0;4;57;78;86;7;228
1585;0;1;81;44;95;8;228
3756;0;1;99;87;40;1;227
874;0;1;73;68;80;6;227
980;0;1;80;92;55;0;227
237;0;1;83;64;72;8;227
266;0;1;78;88;52;9;227
1111;0;1;57;83;81;6;227
1225;0;1;82;92;50;3;227
1443;0;4;98;42;86;1;227
123;0;2;67;97;55;8;227
711;0;4;89;77;51;10;227
713;0;4;60;87;74;6;227
214;0;1;42;91;85;8;226
954;0;1;63;89;73;1;226
1003;0;1;67;67;92;0;226
1035;0;1;99;79;47;1;226
1140;0;1;86;48;91;1;226
1141;0;1;92;88;40;6;226
174;0;2;87;58;81;0;226
456;0;1;40;87;91;8;226
543;0;1;58;93;71;4;226
610;0;4;97;85;40;4;226
611;0;4;87;79;57;3;226
694;0;4;79;98;40;9;226
1553;0;1;100;72;48;6;226
1566;0;1;54;84;78;10;226
1912;0;4;52;98;74;2;226
2014;0;4;47;76;96;7;226
3751;0;1;49;91;75;10;225
905;0;1;66;69;86;4;225
907;0;1;40;90;85;10;225
234;0;1;49;73;94;9;225
476;0;1;66;70;81;8;225
1070;0;1;64;72;85;4;225
1242;0;1;88;73;64;0;225
1279;0;1;95;75;50;5;225
1294;0;1;89;82;44;10;225
1383;0;4;81;96;45;3;225
624;0;4;99;45;80;1;225
692;0;4;84;78;55;8;225
1564;0;1;48;97;79;1;225
2016;0;4;79;52;91;3;225
2144;0;4;89;73;58;5;225
2280;0;1;77;96;50;2;225
849;0;1;86;69;65;4;224
477;0;1;70;68;80;6;224
1040;0;1;82;50;85;7;224
1110;0;1;100;49;72;3;224
1112;0;1;79;94;46;5;224
1338;0;1;70;96;50;8;224
1439;0;4;58;96;62;8;224
1471;0;1;42;99;80;3;224
1499;0;1;59;100;60;5;224
35;0;1;87;68;59;10;224
130;0;2;89;77;49;9;224
139;0;2;45;93;76;10;224
423;0;1;73;70;73;8;224
1547;0;1;97;53;74;0;224
1648;0;1;93;91;40;0;224
1823;0;1;47;80;94;3;224
1872;0;4;77;82;60;5;224
1949;0;4;80;71;64;9;224
1976;0;4;90;40;89;5;224
2088;0;4;87;61;76;0;224
922;0;1;53;65;98;7;223
1051;0;1;87;64;72;0;223
1092;0;1;77;60;82;4;223
1185;0;1;100;75;44;4;223
1215;0;1;66;89;66;2;223
1278;0;1;97;67;59;0;223
343;0;1;82;73;61;7;223
533;0;1;98;77;40;8;223
602;0;4;56;70;97;0;223
1626;0;1;86;49;83;5;223
1807;0;1;79;81;63;0;223
1950;0;4;85;41;89;8;223
233;0;1;88;75;54;5;222
265;0;1;100;71;42;9;222
275;0;4;86;59;72;5;222
1069;0;1;92;69;57;4;222
1181;0;1;70;60;86;6;222
1267;0;1;78;76;66;2;222
1347;0;1;77;48;96;1;222
1349;0;1;59;86;69;8;222
1415;0;4;48;85;83;6;222
1452;0;1;72;64;80;6;222
36;0;1;55;92;70;5;222
414;0;1;74;79;66;3;222
699;0;4;55;93;69;5;222
707;0;4;94;68;59;1;222
1934;0;4;55;78;84;5;222
1980;0;4;65;86;61;10;222
2098;0;4;40;88;89;5;222
897;0;1;66;82;68;5;221
981;0;1;87;56;76;2;221
287;0;4;73;75;65;8;221
1031;0;1;45;91;76;9;221
1131;0;1;84;42;93;2;221
1161;0;1;52;84;75;10;221
1407;0;4;66;63;83;9;221
1418;0;4;62;97;57;5;221
1495;0;1;78;64;72;7;221
339;0;1;54;66;94;7;221
408;0;1;44;76;100;1;221
457;0;1;87;45;85;4;221
537;0;1;97;45;77;2;221
689;0;4;94;46;73;8;221
703;0;4;97;49;68;7;221
1548;0;1;97;52;62;10;221
1643;0;1;95;64;53;9;221
813;0;1;85;75;50;10;220
869;0;1;63;86;71;0;220
875;0;1;70;51;90;9;220
272;0;4;86;47;84;3;220
474;0;1;52;82;83;3;220
501;0;1;40;83;91;6;220
503;0;1;100;54;57;9;220
1182;0;1;88;49;82;1;220
1404;0;4;89;70;57;4;220
1481;0;1;55;75;87;3;220
38;0;1;83;74;58;5;220
48;0;1;98;55;65;2;220
169;0;2;57;72;83;8;220
381;0;1;88;49;82;1;220
433;0;1;100;59;55;6;220
601;0;4;68;87;62;3;220
621;0;4;45;93;72;10;220
626;0;4;87;86;40;7;220
92;0;1;87;54;78;1;220
852;0;1;46;97;73;3;219
966;0;1;91;43;85;0;219
118;0;2;84;71;56;8;219
120;0;2;81;60;69;9;219
1782;0;1;83;61;65;10;219
1954;0;4;48;85;81;5;219
2089;0;4;51;89;78;1;219
2093;0;4;68;84;67;0;219
95;0;1;95;76;46;2;219
213;0;1;80;70;58;10;218
822;0;1;48;90;79;1;218
890;0;1;81;51;81;5;218
955;0;1;46;95;69;8;218
271;0;4;89;70;53;6;218
1118;0;1;80;88;49;1;218
1151;0;1;87;47;80;4;218
1301;0;1;73;67;73;5;218
1507;0;1;68;67;74;9;218
1532;0;1;74;53;90;1;218
1752;0;1;53;100;57;8;218
3733;0;1;86;55;70;6;217
795;0;1;81;76;55;5;217
923;0;1;44;99;68;6;217
488;0;1;67;76;64;10;217
1041;0;1;66;64;77;10;217
1054;0;1;48;88;75;6;217
1160;0;1;46;90;81;0;217
1218;0;1;75;91;48;3;217
1231;0;1;55;78;84;0;217
16;0;1;44;95;73;5;217
342;0;1;69;75;69;4;217
424;0;1;91;65;55;6;217
651;0;4;60;68;82;7;217
668;0;4;71;50;87;9;217
1827;0;1;74;67;74;2;217
1882;0;4;76;47;85;9;217
203;0;1;54;58;100;4;216
887;0;1;93;67;47;9;216
987;0;1;91;68;56;1;216
495;0;1;71;100;43;2;216
138;0;2;65;98;51;2;216
462;0;1;84;72;50;10;216
524;0;1;55;82;75;4;216
530;0;1;70;44;93;9;216
656;0;4;80;89;44;3;216
1902;0;4;52;56;100;8;216
1909;0;4;53;99;58;6;216
2044;0;4;56;93;67;0;216
2140;0;4;93;45;69;9;216
200;0;1;93;64;50;8;215
870;0;1;56;66;87;6;215
925;0;1;63;71;81;0;215
498;0;1;84;55;73;3;215
1206;0;1;59;51;100;5;215
1315;0;1;94;52;67;2;215
1317;0;1;71;56;87;1;215
1342;0;1;66;96;47;6;215
1380;0;4;56;73;80;6;215
1399;0;4;69;72;68;6;215
1403;0;4;68;87;53;7;215
620;0;4;45;75;87;8;215
630;0;4;56;98;56;5;215
717;0;4;57;81;75;2;215
1681;0;1;76;64;71;4;215
2025;0;4;52;95;60;8;215
961;0;1;61;88;64;1;214
238;0;1;100;56;55;3;214
1021;0;1;97;41;70;6;214
1042;0;1;76;76;57;5;214
1280;0;1;99;69;41;5;214
1385;0;4;97;54;62;1;214
140;0;2;86;41;84;3;214
411;0;1;100;67;40;7;214
432;0;1;96;55;62;1;214
690;0;4;82;80;51;1;214
696;0;4;63;55;89;7;214
1557;0;1;59;98;57;0;214
1599;0;1;95;70;46;3;214
1631;0;1;68;89;55;2;214
2050;0;4;54;65;86;9;214
2096;0;4;92;81;40;1;214
2143;0;4;73;92;41;8;214
2273;0;1;81;70;55;8;214
3754;0;1;58;53;94;8;213
974;0;1;45;64;99;5;213
258;0;1;66;50;88;9;213
274;0;4;56;57;99;1;213
1286;0;1;49;98;63;3;213
1402;0;4;66;72;65;10;213
1441;0;4;53;80;78;2;213
127;0;2;58;54;93;8;213
437;0;1;87;66;52;8;213
644;0;4;59;65;82;7;213
658;0;4;56;89;58;10;213
1568;0;1;67;81;62;3;213
1627;0;1;95;43;71;4;213
1632;0;1;92;57;56;8;213
1671;0;1;60;83;70;0;213
3728;0;1;90;75;40;7;212
186;0;1;63;88;59;2;212
192;0;1;83;82;45;2;212
815;0;1;86;43;79;4;212
819;0;1;55;95;57;5;212
472;0;1;85;76;43;8;212
1115;0;1;59;58;90;5;212
1281;0;1;90;41;74;7;212
1327;0;1;79;55;77;1;212
31;0;1;66;83;63;0;212
413;0;1;47;90;68;7;212
659;0;4;88;62;57;5;212
664;0;4;96;72;40;4;212
1582;0;1;88;58;56;10;212
1686;0;1;67;75;68;2;212
1796;0;1;58;69;83;2;212
2048;0;4;90;60;60;2;212
2076;0;4;50;76;83;3;212
2136;0;4;87;47;77;1;212
201;0;1;70;77;57;7;211
879;0;1;63;66;77;5;211
979;0;1;75;94;40;2;211
253;0;1;100;66;45;0;211
502;0;1;87;72;44;8;211
1057;0;1;60;74;75;2;211
1167;0;1;80;60;61;10;211
1176;0;1;73;89;42;7;211
1253;0;1;52;66;93;0;211
1390;0;4;47;79;80;5;211
1461;0;1;66;73;62;10;211
336;0;1;58;98;46;9;211
455;0;1;49;93;67;2;211
597;0;4;53;85;73;0;211
1505;0;1;76;68;58;9;211
1847;0;1;45;79;84;3;211
208;0;1;72;46;82;10;210
807;0;1;78;53;69;10;210
863;0;1;59;63;82;6;210
908;0;1;90;67;53;0;210
935;0;1;65;69;73;3;210
957;0;1;97;56;49;8;210
290;0;4;89;62;57;2;210
309;0;1;49;67;85;9;210
1058;0;1;78;84;40;8;210
1130;0;1;85;52;72;1;210
1268;0;1;56;93;53;8;210
1297;0;1;63;69;68;10;210
1382;0;4;91;59;56;4;210
1463;0;1;84;49;77;0;210
410;0;1;62;52;94;2;210
604;0;4;100;58;43;9;210
642;0;4;61;58;85;6;210
653;0;4;60;69;72;9;210
1506;0;1;44;75;87;4;210
1655;0;1;76;47;87;0;210
3730;0;1;40;75;87;7;209
948;0;1;69;61;69;10;209
494;0;1;96;43;64;6;209
1059;0;1;97;64;45;3;209
1064;0;1;56;56;96;1;209
1084;0;1;67;45;90;7;209
1165;0;1;56;98;48;7;209
1235;0;1;62;47;90;10;209
1367;0;4;54;74;73;8;209
532;0;1;57;88;64;0;209
625;0;4;47;71;83;8;209
1554;0;1;60;95;44;10;209
2074;0;4;48;75;84;2;209
2265;0;1;49;65;92;3;209
2288;0;1;79;43;81;6;209
799;0;1;43;94;71;0;208
830;0;1;82;73;50;3;208
904;0;1;72;52;81;3;208
9;0;4;58;73;76;1;208
1126;0;1;69;70;64;5;208
1177;0;1;49;54;100;5;208
1227;0;1;51;78;79;0;208
1493;0;1;72;52;76;8;208
143;0;2;80;61;61;6;208
331;0;1;81;47;73;7;208
450;0;1;71;60;68;9;208
459;0;1;72;51;81;4;208
1573;0;1;77;43;87;1;208
1592;0;1;58;68;73;9;208
1751;0;1;73;45;88;2;208
2083;0;4;96;50;53;9;208
831;0;1;71;50;76;10;207
833;0;1;55;100;49;3;207
480;0;1;53;84;61;9;207
1143;0;1;86;49;71;1;207
1171;0;1;92;60;52;3;207
1233;0;1;73;60;65;9;207
1473;0;1;75;44;87;1;207
19;0;1;40;89;72;6;207
41;0;1;62;84;57;4;207
1584;0;1;88;57;57;5;207
1764;0;1;89;73;40;5;207
1889;0;4;62;44;91;10;207
1947;0;4;51;66;82;8;207
1974;0;4;78;81;44;4;207
2042;0;4;61;94;47;5;207
2085;0;4;69;42;95;1;207
283;0;4;45;76;79;6;206
1079;0;1;43;72;82;9;206
1291;0;1;93;50;56;7;206
1358;0;4;73;55;68;10;206
1371;0;4;41;75;86;4;206
126;0;2;67;76;54;9;206
132;0;2;46;59;96;5;206
386;0;1;64;62;78;2;206
447;0;1;45;72;84;5;206
454;0;1;46;58;99;3;206
564;0;1;47;65;92;2;206
607;0;4;68;71;59;8;206
1552;0;1;95;69;40;2;206
1579;0;1;75;80;46;5;206
825;0;1;44;74;78;9;205
256;0;1;68;78;57;2;205
499;0;1;57;100;40;8;205
1247;0;1;67;63;73;2;205
1269;0;1;47;71;84;3;205
1312;0;1;47;80;74;4;205
1422;0;4;93;56;52;4;205
44;0;1;87;42;68;8;205
357;0;1;91;53;56;5;205
418;0;1;76;75;46;8;205
570;0;1;73;54;73;5;205
1540;0;1;66;40;92;7;205
1948;0;4;57;57;82;9;205
2024;0;4;76;54;75;0;205
2264;0;1;94;55;46;10;205
3714;0;1;80;68;46;10;204
209;0;1;53;64;81;6;204
880;0;1;51;90;53;10;204
255;0;1;92;47;65;0;204
506;0;1;58;55;81;10;204
1175;0;1;83;47;66;8;204
1409;0;4;90;42;62;10;204
25;0;1;70;44;85;5;204
704;0;4;50;61;90;3;204
1806;0;1;63;85;51;5;204
2020;0;4;70;52;72;10;204
809;0;1;84;63;54;2;203
940;0;1;86;58;55;4;203
1007;0;1;74;69;54;6;203
1050;0;1;68;73;56;6;203
1205;0;1;56;83;58;6;203
1237;0;1;65;59;75;4;203
1354;0;4;44;75;81;3;203
1357;0;4;92;47;62;2;203
1381;0;4;92;59;52;0;203
1411;0;4;43;98;59;3;203
37;0;1;61;96;40;6;203
345;0;1;84;51;65;3;203
646;0;4;98;52;44;9;203
1525;0;1;83;47;71;2;203
1778;0;1;51;91;55;6;203
1789;0;1;73;89;40;1;203
794;0;1;66;78;56;2;202
4;0;1;73;50;79;0;202
992;0;1;99;47;49;7;202
1090;0;1;83;43;73;3;202
1148;0;1;60;75;57;10;202
1209;0;1;67;49;84;2;202
1309;0;1;91;61;45;5;202
1413;0;4;84;69;40;9;202
1436;0;4;40;76;80;6;202
322;0;1;44;71;87;0;202
356;0;1;74;56;69;3;202
635;0;4;57;83;60;2;202
1669;0;1;40;64;92;6;202
1771;0;1;86;72;42;2;202
2056;0;4;90;47;57;8;202
877;0;1;51;62;78;10;201
464;0;1;47;81;67;6;201
469;0;1;57;88;48;8;201
1076;0;1;42;79;77;3;201
1343;0;1;40;67;88;6;201
1430;0;4;41;88;64;8;201
26;0;1;47;52;94;8;201
1543;0;1;95;51;53;2;201
2138;0;4;81;55;58;7;201
199;0;1;82;40;68;10;200
901;0;1;54;84;60;2;200
903;0;1;40;71;81;8;200
1073;0;1;71;54;71;4;200
1217;0;1;47;57;93;3;200
1228;0;1;79;53;61;7;200
1275;0;1;89;62;48;1;200
1298;0;1;80;69;51;0;200
21;0;1;71;50;77;2;200
148;0;2;60;55;80;5;200
426;0;1;79;71;40;10;200
516;0;1;72;46;74;8;200
609;0;4;71;54;70;5;200
710;0;4;76;49;66;9;200
1754;0;1;77;62;53;8;200
1879;0;4;74;45;81;0;200
88;0;1;67;78;50;5;200
2284;0;1;43;92;62;3;200
886;0;1;47;82;66;4;199
891;0;1;40;86;63;10;199
917;0;1;67;70;55;7;199
262;0;1;57;61;80;1;199
1065;0;1;86;63;42;8;199
1282;0;1;87;40;69;3;199
1319;0;1;40;92;58;9;199
1408;0;4;53;98;48;0;199
551;0;1;60;45;86;8;199
622;0;4;40;75;77;7;199
667;0;4;71;63;60;5;199
693;0;4;63;64;64;8;199
1638;0;1;91;57;46;5;199
1895;0;4;85;69;41;4;199
1935;0;4;75;64;58;2;199
2;0;1;51;64;78;5;198
207;0;1;62;82;44;10;198
803;0;1;81;50;58;9;198
962;0;1;81;64;45;8;198
284;0;4;50;53;87;8;198
1015;0;1;95;53;44;6;198
1032;0;1;84;54;56;4;198
1121;0;1;96;51;51;0;198
1459;0;1;56;74;65;3;198
1489;0;1;44;89;65;0;198
40;0;1;44;80;70;4;198
133;0;2;65;63;63;7;198
382;0;1;57;82;53;6;198
415;0;1;54;66;74;4;198
628;0;4;51;98;46;3;198
641;0;4;47;88;63;0;198
1610;0;1;49;82;58;9;198
1675;0;1;55;48;87;8;198
1939;0;4;45;75;74;4;198
196;0;1;52;80;63;2;197
837;0;1;51;45;97;4;197
928;0;1;76;57;57;7;197
487;0;1;48;70;73;6;197
1011;0;1;40;67;83;7;197
1100;0;1;54;47;93;3;197
1120;0;1;76;57;58;6;197
1135;0;1;50;90;53;4;197
172;0;2;55;84;55;3;197
173;0;2;82;49;61;5;197
1677;0;1;70;45;79;3;197
1688;0;1;40;52;100;5;197
1886;0;4;77;51;60;9;197
1921;0;4;68;46;78;5;197
1966;0;4;64;63;69;1;197
2029;0;4;64;75;50;8;197
2058;0;4;89;61;41;6;197
2263;0;1;74;47;76;0;197
182;0;1;55;54;81;6;196
909;0;1;69;50;77;0;196
918;0;1;86;60;42;8;196
241;0;1;40;69;85;2;196
269;0;1;73;79;42;2;196
1240;0;1;42;70;74;10;196
395;0;1;68;55;70;3;196
545;0;1;94;41;53;8;196
560;0;1;52;57;79;8;196
248;0;1;68;68;55;4;195
298;0;1;40;60;91;4;195
1014;0;1;60;87;44;4;195
1044;0;1;90;45;56;4;195
1052;0;1;66;58;70;1;195
97;0;1;55;91;43;6;195
363;0;1;90;46;50;9;195
1589;0;1;44;56;90;5;195
2028;0;4;67;45;83;0;195
911;0;1;89;49;55;1;194
947;0;1;81;58;49;6;194
465;0;1;84;59;42;9;194
1320;0;1;97;50;44;3;194
1462;0;1;48;90;55;1;194
111;0;2;89;40;61;4;194
114;0;2;69;79;40;6;194
124;0;2;46;76;68;4;194
129;0;2;88;45;53;8;194
440;0;1;80;60;45;9;194
1575;0;1;51;93;50;0;194
1693;0;1;52;59;77;6;194
1757;0;1;87;51;47;9;194
1791;0;1;71;60;54;9;194
1910;0;4;69;44;75;6;194
1986;0;4;84;53;50;7;194
2006;0;4;73;61;52;8;194
235;0;1;40;100;49;4;193
259;0;1;45;67;72;9;193
1117;0;1;55;87;44;7;193
1229;0;1;40;69;74;10;193
1451;0;1;59;50;84;0;193
18;0;1;46;66;78;3;193
112;0;2;43;86;64;0;193
425;0;1;82;46;55;10;193
446;0;1;96;46;41;10;193
1549;0;1;89;53;43;8;193
1660;0;1;68;76;40;9;193
1678;0;1;57;69;66;1;193
2259;0;1;68;49;72;4;193
181;0;1;72;51;69;0;192
800;0;1;99;51;40;2;192
855;0;1;95;43;52;2;192
910;0;1;54;67;64;7;192
1183;0;1;51;84;54;3;192
1306;0;1;92;50;47;3;192
1361;0;4;58;42;90;2;192
1450;0;4;50;84;50;8;192
1468;0;1;63;76;52;1;192
142;0;2;41;59;90;2;192
1956;0;4;82;55;45;10;192
2132;0;4;87;46;53;6;192
2276;0;1;48;74;66;4;192
865;0;1;44;78;59;10;191
884;0;1;68;52;71;0;191
888;0;1;45;83;63;0;191
920;0;1;66;54;70;1;191
942;0;1;65;55;66;5;191
249;0;1;49;47;95;0;191
466;0;1;77;47;63;4;191
479;0;1;55;83;49;4;191
1060;0;1;53;44;94;0;191
1169;0;1;65;52;65;9;191
1360;0;4;47;92;42;10;191
1444;0;4;70;76;41;4;191
402;0;1;44;61;81;5;191
1614;0;1;72;74;42;3;191
1955;0;4;42;50;96;3;191
2032;0;4;52;61;77;1;191
971;0;1;74;58;55;3;190
1037;0;1;48;68;68;6;190
1086;0;1;45;67;76;2;190
22;0;1;40;88;55;7;190
47;0;1;92;45;47;6;190
49;0;1;73;40;67;10;190
117;0;2;58;58;66;8;190
1528;0;1;51;50;79;10;190
1565;0;1;95;49;45;1;190
1982;0;4;70;41;76;3;190
1984;0;4;52;91;46;1;190
227;0;1;76;62;45;6;189
1094;0;1;71;61;48;9;189
1133;0;1;54;79;53;3;189
1244;0;1;72;69;43;5;189
714;0;4;64;61;64;0;189
1624;0;1;52;52;75;10;189
1775;0;1;46;59;81;3;189
1809;0;1;52;90;43;4;189
2268;0;1;61;67;57;4;189
838;0;1;49;63;67;9;188
1134;0;1;72;63;53;0;188
1284;0;1;52;65;67;4;188
1295;0;1;91;40;53;4;188
1308;0;1;51;58;73;6;188
1425;0;4;67;67;53;1;188
448;0;1;50;43;89;6;188
1520;0;1;80;53;46;9;188
1816;0;1;69;63;47;9;188
2261;0;1;58;62;65;3;188
183;0;1;83;40;62;2;187
931;0;1;92;42;47;6;187
993;0;1;44;47;86;10;187
1142;0;1;68;68;48;3;187
1189;0;1;56;59;67;5;187
1212;0;1;62;54;61;10;187
1419;0;4;50;50;81;6;187
1437;0;4;64;48;67;8;187
1836;0;1;66;43;73;5;187
1837;0;1;64;70;49;4;187
202;0;1;80;47;55;4;186
990;0;1;60;55;63;8;186
11;0;1;54;45;80;7;186
471;0;1;100;45;40;1;186
1071;0;1;69;58;53;6;186
1077;0;1;64;74;47;1;186
1239;0;1;48;69;61;8;186
1249;0;1;44;57;78;7;186
1951;0;4;56;55;67;8;186
1983;0;4;49;49;88;0;186
2040;0;4;85;45;55;1;186
468;0;1;40;67;75;3;185
1022;0;1;82;40;63;0;185
1287;0;1;63;60;62;0;185
1350;0;1;46;65;69;5;185
1387;0;4;46;64;65;10;185
29;0;1;40;78;66;1;185
125;0;2;56;76;50;3;185
170;0;2;69;76;40;0;185
399;0;1;87;57;41;0;185
420;0;1;49;50;84;2;185
550;0;1;44;71;65;5;185
553;0;1;61;55;62;7;185
669;0;4;84;57;42;2;185
1533;0;1;88;45;48;4;185
2084;0;4;44;64;69;8;185
2271;0;1;70;60;47;8;185
943;0;1;65;57;58;4;184
252;0;1;86;42;49;7;184
1226;0;1;60;55;67;2;184
1288;0;1;46;84;51;3;184
1458;0;1;45;79;60;0;184
1488;0;1;61;68;46;9;184
405;0;1;55;78;50;1;184
645;0;4;71;57;52;4;184
1529;0;1;40;51;88;5;184
1692;0;1;40;57;79;8;184
2066;0;4;47;60;72;5;184
1046;0;1;58;55;61;9;183
1427;0;4;45;65;63;10;183
1455;0;1;58;71;52;2;183
24;0;1;52;67;56;8;183
99;0;1;57;65;55;6;183
650;0;4;59;42;80;2;183
1633;0;1;57;50;68;8;183
1664;0;1;70;58;46;9;183
1993;0;4;65;52;63;3;183
2287;0;1;40;49;87;7;183
889;0;1;85;45;52;0;182
973;0;1;45;59;74;4;182
493;0;1;43;53;82;4;182
1238;0;1;69;50;62;1;182
1483;0;1;40;64;68;10;182
615;0;4;58;43;74;7;182
648;0;4;48;61;69;4;182
1665;0;1;44;44;84;10;182
1762;0;1;40;72;69;1;182
1937;0;4;82;43;54;3;182
2003;0;4;91;43;44;4;182
2069;0;4;54;77;48;3;182
967;0;1;68;52;57;4;181
985;0;1;49;87;40;5;181
482;0;1;63;60;51;7;181
1068;0;1;43;47;86;5;181
1152;0;1;57;65;50;9;181
1321;0;1;55;64;61;1;181
1580;0;1;86;43;52;0;181
187;0;1;57;61;55;7;180
1200;0;1;48;70;55;7;180
1241;0;1;42;91;44;3;180
176;0;2;72;42;63;3;180
329;0;1;46;69;61;4;180
225;0;1;46;45;87;1;179
824;0;1;75;56;40;8;179
828;0;1;43;45;87;4;179
906;0;1;50;64;65;0;179
504;0;1;50;66;62;1;179
1202;0;1;57;77;44;1;179
136;0;2;76;58;44;1;179
1598;0;1;44;82;49;4;179
1657;0;1;49;59;67;4;179
1658;0;1;69;66;40;4;179
96;0;1;64;40;72;3;179
2269;0;1;41;52;85;1;179
894;0;1;42;82;45;9;178
285;0;4;64;44;67;3;178
293;0;1;61;62;52;3;178
303;0;1;59;47;62;10;178
1316;0;1;40;71;67;0;178
702;0;4;52;61;58;7;178
2055;0;4;49;55;70;4;178
2133;0;4;40;42;90;6;178
91;0;1;72;61;44;1;178
970;0;1;52;54;70;1;177
1271;0;1;60;40;77;0;177
383;0;1;64;41;64;8;177
400;0;1;77;57;41;2;177
441;0;1;59;44;67;7;177
556;0;1;64;59;50;4;177
1559;0;1;71;58;44;4;177
1680;0;1;51;61;61;4;177
1967;0;4;79;51;46;1;177
963;0;1;49;48;72;7;176
1334;0;1;65;40;68;3;176
13;0;1;68;47;52;9;176
443;0;1;48;40;85;3;176
452;0;1;80;53;40;3;176
629;0;4;43;55;71;7;176
270;0;1;48;75;49;3;175
307;0;1;41;89;42;3;175
470;0;1;58;60;55;2;175
1251;0;1;56;50;61;8;175
27;0;1;57;65;45;8;175
1851;0;4;45;87;41;2;175
2256;0;1;69;41;55;10;175
185;0;1;54;66;49;5;174
804;0;1;40;41;91;2;174
1252;0;1;55;40;73;6;174
1431;0;4;41;80;44;9;174
1805;0;1;66;58;41;9;174
475;0;1;71;41;58;3;173
1095;0;1;53;68;50;2;173
1149;0;1;64;45;62;2;173
1340;0;1;41;51;79;2;173
1440;0;4;57;44;67;5;173
1487;0;1;41;82;43;7;173
1560;0;1;57;44;71;1;173
1594;0;1;77;52;42;2;173
2270;0;1;44;44;81;4;173
857;0;1;43;56;66;7;172
868;0;1;41;55;72;4;172
1020;0;1;53;49;63;7;172
1056;0;1;42;56;70;4;172
1128;0;1;42;50;79;1;172
1435;0;4;55;63;46;8;172
219;0;1;49;79;41;2;171
944;0;1;65;48;52;6;171
1412;0;4;62;41;59;9;171
380;0;1;40;42;82;7;171
429;0;1;54;43;71;3;171
540;0;1;42;57;72;0;171
600;0;4;48;66;48;9;171
655;0;4;62;50;58;1;171
1551;0;1;54;75;40;2;171
215;0;1;58;50;60;2;170
972;0;1;40;64;66;0;170
975;0;1;55;45;63;7;170
489;0;1;53;42;75;0;170
1019;0;1;54;52;64;0;170
1345;0;1;44;71;50;5;170
1356;0;4;84;41;40;5;170
2279;0;1;75;40;46;9;170
964;0;1;53;62;44;10;169
128;0;2;50;62;52;5;169
715;0;4;55;53;60;1;169
2097;0;4;54;46;61;8;169
220;0;1;63;47;48;10;168
1216;0;1;47;63;56;2;168
640;0;4;44;81;40;3;168
1574;0;1;58;52;52;6;168
491;0;1;50;73;41;3;167
428;0;1;45;74;46;2;167
204;0;1;64;54;45;3;166
1107;0;1;42;40;81;3;166
1137;0;1;52;54;57;3;166
1259;0;1;59;54;45;8;166
1277;0;1;40;54;71;1;166
370;0;1;47;70;40;9;166
1841;0;1;60;44;59;3;166
1038;0;1;65;45;54;1;165
566;0;1;65;50;50;0;165
1512;0;1;44;43;74;4;165
2282;0;1;46;58;56;5;165
2283;0;1;49;57;50;9;165
1433;0;4;59;49;52;4;164
1504;0;1;56;55;49;4;164
1944;0;4;58;54;51;1;164
267;0;1;43;63;53;4;163
1670;0;1;50;48;65;0;163
1900;0;4;52;40;62;9;163
281;0;4;42;69;46;5;162
617;0;4;58;55;44;5;162
806;0;1;77;44;40;0;161
1290;0;1;48;44;69;0;161
1500;0;1;66;42;51;2;161
171;0;2;60;43;51;7;161
326;0;1;40;72;48;1;161
1769;0;1;64;40;57;0;161
2045;0;4;44;69;47;1;161
539;0;1;44;53;63;0;160
1521;0;1;51;61;47;1;160
1645;0;1;49;46;65;0;160
497;0;1;57;52;44;6;159
1055;0;1;53;45;59;2;159
1170;0;1;57;45;53;4;159
1211;0;1;52;43;57;7;159
2135;0;4;45;58;56;0;159
2137;0;4;46;49;64;0;159
1083;0;1;42;44;64;8;158
1192;0;1;48;43;61;6;158
43;0;1;60;45;52;1;158
562;0;1;56;41;59;2;158
2266;0;1;41;40;73;4;158
226;0;1;41;50;63;3;157
1150;0;1;40;56;55;6;157
1113;0;1;48;54;50;4;156
1191;0;1;57;44;48;7;156
335;0;1;56;44;49;7;156
2253;0;1;46;45;62;2;155
941;0;1;58;43;46;7;154
1544;0;1;40;68;44;2;154
1887;0;4;47;63;41;2;153
1116;0;1;44;52;55;1;152
1893;0;4;54;55;42;1;152
1;0;1;46;57;42;6;151
1898;0;4;41;41;67;2;151
896;0;1;42;44;62;2;150
508;0;1;60;40;46;4;150
1248;0;1;40;62;46;2;150
649;0;4;43;47;58;2;150
2278;0;1;44;63;40;3;150
2274;0;1;52;40;56;1;149
695;0;4;44;46;48;10;148
211;0;1;44;43;57;2;146
1377;0;4;41;61;43;1;146
636;0;4;44;51;46;3;144
416;0;1;43;47;49;3;142
419;0;1;41;48;48;5;142
660;0;4;46;49;42;4;141
1843;0;1;40;41;55;4;140
273;0;4;50;42;44;2;138
1174;0;1;40;55;40;3;138
299;0;1;46;47;41;3;137
438;0;1;40;51;40;5;136
2036;0;4;41;43;46;0;130
1145;0;1;40;43;44;0;127
